{"cameraMode":{"drawMode":0,"name":"Shaded","section":"Shading Mode"},"sceneLighting":true,"audioPlay":false,"sceneViewState":{"showFog":true,"showMaterialUpdate":false,"showSkybox":true,"showFlares":true,"showImageEffects":true,"showParticleSystems":true},"in2DMode":false,"pivot":{"x":-31.064218521118165,"y":10.814471244812012,"z":-1.8781299591064454},"rotation":{"x":0.03173941373825073,"y":0.627226710319519,"z":-0.025637507438659669,"w":0.77781742811203},"size":22.0,"orthographic":false}